<application>
  <component name="FeatureSuggesterSettings">
    <option name="workingDays">
      <list>
        <option value="1655797760506" />
        <option value="1655857646958" />
        <option value="1655946524312" />
        <option value="1656031854726" />
        <option value="1656292853050" />
        <option value="1656377636288" />
        <option value="1656464219498" />
        <option value="1656555001968" />
        <option value="1656639672301" />
        <option value="1656895303359" />
        <option value="1656983703880" />
        <option value="1657067422071" />
        <option value="1657154032622" />
        <option value="1657239974085" />
        <option value="1657499852708" />
        <option value="1657586883640" />
        <option value="1657672578119" />
        <option value="1657759917303" />
        <option value="1657845145342" />
        <option value="1658105541681" />
        <option value="1658192879436" />
        <option value="1658283748971" />
        <option value="1658363654245" />
      </list>
    </option>
  </component>
</application>