<application>
  <component name="ProjectJdkTable">
    <jdk version="2">
      <name value="1.8" />
      <type value="JavaSDK" />
      <version value="version 1.8.0_151" />
      <homePath value="E:/ide/JetBrains/jdk1.8.0.151" />
      <roots>
        <annotationsPath>
          <root type="composite">
            <root url="jar://$APPLICATION_HOME_DIR$/plugins/java/lib/resources/jdkAnnotations.jar!/" type="simple" />
          </root>
        </annotationsPath>
        <classPath>
          <root type="composite">
            <root url="jar://E:/ide/JetBrains/jdk1.8.0.151/jre/lib/charsets.jar!/" type="simple" />
            <root url="jar://E:/ide/JetBrains/jdk1.8.0.151/jre/lib/ext/access-bridge-64.jar!/" type="simple" />
            <root url="jar://E:/ide/JetBrains/jdk1.8.0.151/jre/lib/ext/cldrdata.jar!/" type="simple" />
            <root url="jar://E:/ide/JetBrains/jdk1.8.0.151/jre/lib/ext/dnsns.jar!/" type="simple" />
            <root url="jar://E:/ide/JetBrains/jdk1.8.0.151/jre/lib/ext/jaccess.jar!/" type="simple" />
            <root url="jar://E:/ide/JetBrains/jdk1.8.0.151/jre/lib/ext/localedata.jar!/" type="simple" />
            <root url="jar://E:/ide/JetBrains/jdk1.8.0.151/jre/lib/ext/nashorn.jar!/" type="simple" />
            <root url="jar://E:/ide/JetBrains/jdk1.8.0.151/jre/lib/ext/sunec.jar!/" type="simple" />
            <root url="jar://E:/ide/JetBrains/jdk1.8.0.151/jre/lib/ext/sunjce_provider.jar!/" type="simple" />
            <root url="jar://E:/ide/JetBrains/jdk1.8.0.151/jre/lib/ext/sunmscapi.jar!/" type="simple" />
            <root url="jar://E:/ide/JetBrains/jdk1.8.0.151/jre/lib/ext/sunpkcs11.jar!/" type="simple" />
            <root url="jar://E:/ide/JetBrains/jdk1.8.0.151/jre/lib/ext/zipfs.jar!/" type="simple" />
            <root url="jar://E:/ide/JetBrains/jdk1.8.0.151/jre/lib/jce.jar!/" type="simple" />
            <root url="jar://E:/ide/JetBrains/jdk1.8.0.151/jre/lib/jsse.jar!/" type="simple" />
            <root url="jar://E:/ide/JetBrains/jdk1.8.0.151/jre/lib/management-agent.jar!/" type="simple" />
            <root url="jar://E:/ide/JetBrains/jdk1.8.0.151/jre/lib/resources.jar!/" type="simple" />
            <root url="jar://E:/ide/JetBrains/jdk1.8.0.151/jre/lib/rt.jar!/" type="simple" />
            <root url="jar://E:/ide/JetBrains/jdk1.8.0.151/lib/tools.jar!/" type="simple" />
          </root>
        </classPath>
        <javadocPath>
          <root type="composite" />
        </javadocPath>
        <sourcePath>
          <root type="composite">
            <root url="jar://E:/ide/JetBrains/jdk1.8.0.151/src.zip!/" type="simple" />
          </root>
        </sourcePath>
      </roots>
      <additional />
    </jdk>
    <jdk version="2">
      <name value="jbr-11" />
      <type value="JavaSDK" />
      <version value="JetBrains Runtime version 11.0.15" />
      <homePath value="$APPLICATION_HOME_DIR$/jbr" />
      <roots>
        <annotationsPath>
          <root type="composite">
            <root url="jar://$APPLICATION_HOME_DIR$/plugins/java/lib/resources/jdkAnnotations.jar!/" type="simple" />
          </root>
        </annotationsPath>
        <classPath>
          <root type="composite">
            <root url="jrt://E:/ide/JetBrains/IntelliJ IDEA 2022.1.2/jbr!/gluegen.rt" type="simple" />
            <root url="jrt://E:/ide/JetBrains/IntelliJ IDEA 2022.1.2/jbr!/java.base" type="simple" />
            <root url="jrt://E:/ide/JetBrains/IntelliJ IDEA 2022.1.2/jbr!/java.compiler" type="simple" />
            <root url="jrt://E:/ide/JetBrains/IntelliJ IDEA 2022.1.2/jbr!/java.datatransfer" type="simple" />
            <root url="jrt://E:/ide/JetBrains/IntelliJ IDEA 2022.1.2/jbr!/java.desktop" type="simple" />
            <root url="jrt://E:/ide/JetBrains/IntelliJ IDEA 2022.1.2/jbr!/java.instrument" type="simple" />
            <root url="jrt://E:/ide/JetBrains/IntelliJ IDEA 2022.1.2/jbr!/java.logging" type="simple" />
            <root url="jrt://E:/ide/JetBrains/IntelliJ IDEA 2022.1.2/jbr!/java.management" type="simple" />
            <root url="jrt://E:/ide/JetBrains/IntelliJ IDEA 2022.1.2/jbr!/java.management.rmi" type="simple" />
            <root url="jrt://E:/ide/JetBrains/IntelliJ IDEA 2022.1.2/jbr!/java.naming" type="simple" />
            <root url="jrt://E:/ide/JetBrains/IntelliJ IDEA 2022.1.2/jbr!/java.net.http" type="simple" />
            <root url="jrt://E:/ide/JetBrains/IntelliJ IDEA 2022.1.2/jbr!/java.prefs" type="simple" />
            <root url="jrt://E:/ide/JetBrains/IntelliJ IDEA 2022.1.2/jbr!/java.rmi" type="simple" />
            <root url="jrt://E:/ide/JetBrains/IntelliJ IDEA 2022.1.2/jbr!/java.scripting" type="simple" />
            <root url="jrt://E:/ide/JetBrains/IntelliJ IDEA 2022.1.2/jbr!/java.se" type="simple" />
            <root url="jrt://E:/ide/JetBrains/IntelliJ IDEA 2022.1.2/jbr!/java.security.jgss" type="simple" />
            <root url="jrt://E:/ide/JetBrains/IntelliJ IDEA 2022.1.2/jbr!/java.security.sasl" type="simple" />
            <root url="jrt://E:/ide/JetBrains/IntelliJ IDEA 2022.1.2/jbr!/java.smartcardio" type="simple" />
            <root url="jrt://E:/ide/JetBrains/IntelliJ IDEA 2022.1.2/jbr!/java.sql" type="simple" />
            <root url="jrt://E:/ide/JetBrains/IntelliJ IDEA 2022.1.2/jbr!/java.sql.rowset" type="simple" />
            <root url="jrt://E:/ide/JetBrains/IntelliJ IDEA 2022.1.2/jbr!/java.transaction.xa" type="simple" />
            <root url="jrt://E:/ide/JetBrains/IntelliJ IDEA 2022.1.2/jbr!/java.xml" type="simple" />
            <root url="jrt://E:/ide/JetBrains/IntelliJ IDEA 2022.1.2/jbr!/java.xml.crypto" type="simple" />
            <root url="jrt://E:/ide/JetBrains/IntelliJ IDEA 2022.1.2/jbr!/jcef" type="simple" />
            <root url="jrt://E:/ide/JetBrains/IntelliJ IDEA 2022.1.2/jbr!/jdk.accessibility" type="simple" />
            <root url="jrt://E:/ide/JetBrains/IntelliJ IDEA 2022.1.2/jbr!/jdk.aot" type="simple" />
            <root url="jrt://E:/ide/JetBrains/IntelliJ IDEA 2022.1.2/jbr!/jdk.attach" type="simple" />
            <root url="jrt://E:/ide/JetBrains/IntelliJ IDEA 2022.1.2/jbr!/jdk.charsets" type="simple" />
            <root url="jrt://E:/ide/JetBrains/IntelliJ IDEA 2022.1.2/jbr!/jdk.compiler" type="simple" />
            <root url="jrt://E:/ide/JetBrains/IntelliJ IDEA 2022.1.2/jbr!/jdk.crypto.cryptoki" type="simple" />
            <root url="jrt://E:/ide/JetBrains/IntelliJ IDEA 2022.1.2/jbr!/jdk.crypto.ec" type="simple" />
            <root url="jrt://E:/ide/JetBrains/IntelliJ IDEA 2022.1.2/jbr!/jdk.crypto.mscapi" type="simple" />
            <root url="jrt://E:/ide/JetBrains/IntelliJ IDEA 2022.1.2/jbr!/jdk.dynalink" type="simple" />
            <root url="jrt://E:/ide/JetBrains/IntelliJ IDEA 2022.1.2/jbr!/jdk.hotspot.agent" type="simple" />
            <root url="jrt://E:/ide/JetBrains/IntelliJ IDEA 2022.1.2/jbr!/jdk.httpserver" type="simple" />
            <root url="jrt://E:/ide/JetBrains/IntelliJ IDEA 2022.1.2/jbr!/jdk.internal.ed" type="simple" />
            <root url="jrt://E:/ide/JetBrains/IntelliJ IDEA 2022.1.2/jbr!/jdk.internal.jvmstat" type="simple" />
            <root url="jrt://E:/ide/JetBrains/IntelliJ IDEA 2022.1.2/jbr!/jdk.internal.le" type="simple" />
            <root url="jrt://E:/ide/JetBrains/IntelliJ IDEA 2022.1.2/jbr!/jdk.internal.vm.ci" type="simple" />
            <root url="jrt://E:/ide/JetBrains/IntelliJ IDEA 2022.1.2/jbr!/jdk.internal.vm.compiler" type="simple" />
            <root url="jrt://E:/ide/JetBrains/IntelliJ IDEA 2022.1.2/jbr!/jdk.internal.vm.compiler.management" type="simple" />
            <root url="jrt://E:/ide/JetBrains/IntelliJ IDEA 2022.1.2/jbr!/jdk.jcmd" type="simple" />
            <root url="jrt://E:/ide/JetBrains/IntelliJ IDEA 2022.1.2/jbr!/jdk.jdi" type="simple" />
            <root url="jrt://E:/ide/JetBrains/IntelliJ IDEA 2022.1.2/jbr!/jdk.jdwp.agent" type="simple" />
            <root url="jrt://E:/ide/JetBrains/IntelliJ IDEA 2022.1.2/jbr!/jdk.jfr" type="simple" />
            <root url="jrt://E:/ide/JetBrains/IntelliJ IDEA 2022.1.2/jbr!/jdk.jsobject" type="simple" />
            <root url="jrt://E:/ide/JetBrains/IntelliJ IDEA 2022.1.2/jbr!/jdk.localedata" type="simple" />
            <root url="jrt://E:/ide/JetBrains/IntelliJ IDEA 2022.1.2/jbr!/jdk.management" type="simple" />
            <root url="jrt://E:/ide/JetBrains/IntelliJ IDEA 2022.1.2/jbr!/jdk.management.agent" type="simple" />
            <root url="jrt://E:/ide/JetBrains/IntelliJ IDEA 2022.1.2/jbr!/jdk.management.jfr" type="simple" />
            <root url="jrt://E:/ide/JetBrains/IntelliJ IDEA 2022.1.2/jbr!/jdk.naming.dns" type="simple" />
            <root url="jrt://E:/ide/JetBrains/IntelliJ IDEA 2022.1.2/jbr!/jdk.naming.rmi" type="simple" />
            <root url="jrt://E:/ide/JetBrains/IntelliJ IDEA 2022.1.2/jbr!/jdk.net" type="simple" />
            <root url="jrt://E:/ide/JetBrains/IntelliJ IDEA 2022.1.2/jbr!/jdk.pack" type="simple" />
            <root url="jrt://E:/ide/JetBrains/IntelliJ IDEA 2022.1.2/jbr!/jdk.scripting.nashorn" type="simple" />
            <root url="jrt://E:/ide/JetBrains/IntelliJ IDEA 2022.1.2/jbr!/jdk.scripting.nashorn.shell" type="simple" />
            <root url="jrt://E:/ide/JetBrains/IntelliJ IDEA 2022.1.2/jbr!/jdk.sctp" type="simple" />
            <root url="jrt://E:/ide/JetBrains/IntelliJ IDEA 2022.1.2/jbr!/jdk.security.auth" type="simple" />
            <root url="jrt://E:/ide/JetBrains/IntelliJ IDEA 2022.1.2/jbr!/jdk.security.jgss" type="simple" />
            <root url="jrt://E:/ide/JetBrains/IntelliJ IDEA 2022.1.2/jbr!/jdk.unsupported" type="simple" />
            <root url="jrt://E:/ide/JetBrains/IntelliJ IDEA 2022.1.2/jbr!/jdk.unsupported.desktop" type="simple" />
            <root url="jrt://E:/ide/JetBrains/IntelliJ IDEA 2022.1.2/jbr!/jdk.xml.dom" type="simple" />
            <root url="jrt://E:/ide/JetBrains/IntelliJ IDEA 2022.1.2/jbr!/jdk.zipfs" type="simple" />
            <root url="jrt://E:/ide/JetBrains/IntelliJ IDEA 2022.1.2/jbr!/jogl.all" type="simple" />
          </root>
        </classPath>
        <javadocPath>
          <root type="composite">
            <root url="https://docs.oracle.com/en/java/javase/11/docs/api/" type="simple" />
          </root>
        </javadocPath>
        <sourcePath>
          <root type="composite" />
        </sourcePath>
      </roots>
      <additional />
    </jdk>
    <jdk version="2">
      <name value="Android API 22 Platform" />
      <type value="Android SDK" />
      <version value="version 1.8.0_151" />
      <homePath value="E:/ide/JetBrains/android-sdk" />
      <roots>
        <annotationsPath>
          <root type="composite">
            <root url="jar://$APPLICATION_HOME_DIR$/plugins/android/resources/androidAnnotations.jar!/" type="simple" />
          </root>
        </annotationsPath>
        <classPath>
          <root type="composite">
            <root url="jar://E:/ide/JetBrains/android-sdk/platforms/android-22/android.jar!/" type="simple" />
            <root url="file://E:/ide/JetBrains/android-sdk/platforms/android-22/data/res" type="simple" />
          </root>
        </classPath>
        <javadocPath>
          <root type="composite" />
        </javadocPath>
        <sourcePath>
          <root type="composite">
            <root url="file://E:/ide/JetBrains/android-sdk/sources/android-22" type="simple" />
          </root>
        </sourcePath>
      </roots>
      <additional jdk="1.8" sdk="android-22" />
    </jdk>
    <jdk version="2">
      <name value="Android API 29 Platform" />
      <type value="Android SDK" />
      <version value="version 1.8.0_151" />
      <homePath value="E:/ide/JetBrains/android-sdk" />
      <roots>
        <annotationsPath>
          <root type="composite">
            <root url="jar://E:/ide/JetBrains/android-sdk/platforms/android-29/data/annotations.zip!/" type="simple" />
          </root>
        </annotationsPath>
        <classPath>
          <root type="composite">
            <root url="jar://E:/ide/JetBrains/android-sdk/platforms/android-29/android.jar!/" type="simple" />
            <root url="file://E:/ide/JetBrains/android-sdk/platforms/android-29/data/res" type="simple" />
          </root>
        </classPath>
        <javadocPath>
          <root type="composite" />
        </javadocPath>
        <sourcePath>
          <root type="composite">
            <root url="file://E:/ide/JetBrains/android-sdk/sources/android-29" type="simple" />
          </root>
        </sourcePath>
      </roots>
      <additional jdk="1.8" sdk="android-29" />
    </jdk>
    <jdk version="2">
      <name value="Android API 30 Platform" />
      <type value="Android SDK" />
      <version value="version 1.8.0_151" />
      <homePath value="E:/ide/JetBrains/android-sdk" />
      <roots>
        <annotationsPath>
          <root type="composite">
            <root url="jar://E:/ide/JetBrains/android-sdk/platforms/android-30/data/annotations.zip!/" type="simple" />
          </root>
        </annotationsPath>
        <classPath>
          <root type="composite">
            <root url="jar://E:/ide/JetBrains/android-sdk/platforms/android-30/android.jar!/" type="simple" />
            <root url="file://E:/ide/JetBrains/android-sdk/platforms/android-30/data/res" type="simple" />
          </root>
        </classPath>
        <javadocPath>
          <root type="composite" />
        </javadocPath>
        <sourcePath>
          <root type="composite">
            <root url="file://E:/ide/JetBrains/android-sdk/sources/android-30" type="simple" />
          </root>
        </sourcePath>
      </roots>
      <additional jdk="1.8" sdk="android-30" />
    </jdk>
    <jdk version="2">
      <name value="Android API 28 Platform" />
      <type value="Android SDK" />
      <version value="JetBrains Runtime version 11.0.15" />
      <homePath value="E:/ide/JetBrains/android-sdk" />
      <roots>
        <annotationsPath>
          <root type="composite">
            <root url="jar://E:/ide/JetBrains/android-sdk/platforms/android-28/data/annotations.zip!/" type="simple" />
          </root>
        </annotationsPath>
        <classPath>
          <root type="composite">
            <root url="jar://E:/ide/JetBrains/android-sdk/platforms/android-28/android.jar!/" type="simple" />
            <root url="file://E:/ide/JetBrains/android-sdk/platforms/android-28/data/res" type="simple" />
          </root>
        </classPath>
        <javadocPath>
          <root type="composite">
            <root url="http://developer.android.com/reference/" type="simple" />
          </root>
        </javadocPath>
        <sourcePath>
          <root type="composite" />
        </sourcePath>
      </roots>
      <additional jdk="jbr-11" sdk="android-28" />
    </jdk>
    <jdk version="2">
      <name value="1.7" />
      <type value="JavaSDK" />
      <version value="java version &quot;1.7&quot;" />
      <homePath value="F:/Java/jdk1.7.0_45" />
      <roots>
        <annotationsPath>
          <root type="composite">
            <root url="jar://$APPLICATION_HOME_DIR$/plugins/java/lib/resources/jdkAnnotations.jar!/" type="simple" />
          </root>
        </annotationsPath>
        <classPath>
          <root type="composite">
            <root url="jar://F:/Java/jdk1.7.0_45/jre/lib/charsets.jar!/" type="simple" />
            <root url="jar://F:/Java/jdk1.7.0_45/jre/lib/deploy.jar!/" type="simple" />
            <root url="jar://F:/Java/jdk1.7.0_45/jre/lib/ext/access-bridge-64.jar!/" type="simple" />
            <root url="jar://F:/Java/jdk1.7.0_45/jre/lib/ext/dnsns.jar!/" type="simple" />
            <root url="jar://F:/Java/jdk1.7.0_45/jre/lib/ext/jaccess.jar!/" type="simple" />
            <root url="jar://F:/Java/jdk1.7.0_45/jre/lib/ext/localedata.jar!/" type="simple" />
            <root url="jar://F:/Java/jdk1.7.0_45/jre/lib/ext/sunec.jar!/" type="simple" />
            <root url="jar://F:/Java/jdk1.7.0_45/jre/lib/ext/sunjce_provider.jar!/" type="simple" />
            <root url="jar://F:/Java/jdk1.7.0_45/jre/lib/ext/sunmscapi.jar!/" type="simple" />
            <root url="jar://F:/Java/jdk1.7.0_45/jre/lib/ext/zipfs.jar!/" type="simple" />
            <root url="jar://F:/Java/jdk1.7.0_45/jre/lib/javaws.jar!/" type="simple" />
            <root url="jar://F:/Java/jdk1.7.0_45/jre/lib/jce.jar!/" type="simple" />
            <root url="jar://F:/Java/jdk1.7.0_45/jre/lib/jfr.jar!/" type="simple" />
            <root url="jar://F:/Java/jdk1.7.0_45/jre/lib/jfxrt.jar!/" type="simple" />
            <root url="jar://F:/Java/jdk1.7.0_45/jre/lib/jsse.jar!/" type="simple" />
            <root url="jar://F:/Java/jdk1.7.0_45/jre/lib/management-agent.jar!/" type="simple" />
            <root url="jar://F:/Java/jdk1.7.0_45/jre/lib/plugin.jar!/" type="simple" />
            <root url="jar://F:/Java/jdk1.7.0_45/jre/lib/resources.jar!/" type="simple" />
            <root url="jar://F:/Java/jdk1.7.0_45/jre/lib/rt.jar!/" type="simple" />
          </root>
        </classPath>
        <javadocPath>
          <root type="composite" />
        </javadocPath>
        <sourcePath>
          <root type="composite">
            <root url="jar://F:/Java/jdk1.7.0_45/src.zip!/" type="simple" />
          </root>
        </sourcePath>
      </roots>
      <additional />
    </jdk>
  </component>
</application>